NAME,TEAM,POS,SALARY,START_YEAR,END_YEAR,YEARS
Clayton Kershaw,LAD,SP,33000000,2014,2020,7
Zack Greinke,ARI,SP,31876966,2016,2021,6
David Price,BOS,SP,30000000,2016,2022,7
Miguel Cabrera,DET,1B,28000000,2014,2023,10
Justin Verlander,DET,SP,28000000,2013,2019,7
Jason Heyward,CHC,RF,26055288,2016,2023,8
Albert Pujols,LAA,1B,26000000,2012,2021,10
Felix Hernandez,SEA,SP,25857143,2013,2019,7
Jon Lester,CHC,SP,25000000,2015,2020,6
CC Sabathia,NYY,SP,25000000,2012,2016,5
Robinson Cano,SEA,2B,24000000,2014,2023,10
Prince Fielder,TEX,DH,24000000,2017,2017,1
Johnny Cueto,SF,SP,23500000,2016,2021,6
Joe Mauer,MIN,1B,23000000,2011,2018,8
Hanley Ramirez,BOS,1B,22750000,2015,2018,4
Cole Hamels,TEX,SP,22500000,2013,2018,6
Yoenis Cespedes,NYM,CF,22500000,2017,2020,4
Adrian Gonzalez,LAD,1B,22357142,2012,2018,7
Buster Posey,SF,C,22177778,2013,2021,9
Max Scherzer,WSH,SP,22142857,2015,2021,7
Justin Upton,DET,LF,22125000,2016,2021,6
Joey Votto,CIN,1B,22000000,2014,2023,10
Masahiro Tanaka,NYY,SP,22000000,2014,2020,7
Jose Reyes,NYM,3B,22000000,2017,2017,1
Jayson Werth,WSH,LF,21571429,2011,2017,7
Matt Kemp,ATL,RF,21500000,2012,2019,8
Chris Davis,BAL,1B,21233006,2016,2022,7
Jacoby Ellsbury,NYY,CF,21142857,2014,2020,7
James Shields,CWS,SP,21000000,2015,2018,4
Freddie Freeman,ATL,1B,20859375,2014,2021,8
Matt Cain,SF,SP,20833333,2012,2017,6
Carlos Gonzalez,COL,RF,20428571,2011,2017,7
Rick Porcello,BOS,SP,20125000,2016,2019,4
Mike Trout,LAA,CF,20083333,2015,2020,6
Troy Tulowitzki,TOR,SS,20000000,2011,2020,10
Shin-Soo Choo,TEX,RF,20000000,2014,2020,7
Russell Martin,TOR,C,20000000,2015,2019,5
Jeff Samardzija,SF,SP,19800000,2016,2020,5
Adam Wainwright,STL,SP,19500000,2014,2018,5
David Wright,NYM,3B,19382219,2013,2020,8
Ryan Braun,MIL,OF,19199365,2008,2020,13
Homer Bailey,CIN,SP,19000000,2014,2019,6
Hunter Pence,SF,RF,18700000,2014,2018,5
Jordan Zimmermann,DET,SP,18000000,2016,2020,5
Victor Martinez,DET,DH,18000000,2015,2018,4
Adrian Beltre,TEX,3B,18000000,2017,2018,2
Jose Bautista,TOR,RF,18000000,2017,2017,1
Pablo Sandoval,BOS,3B,17600000,2015,2019,5
Andre Ethier,LAD,LF,17500000,2013,2017,5
Aroldis Chapman,NYY,RP,17200000,2017,2021,5
Jeremy Hellickson,PHI,SP,17200000,2017,2017,1
Neil Walker,NYM,2B,17200000,2017,2017,1
Brian McCann,HOU,C,17000000,2014,2018,5
Josh Donaldson,TOR,3B,17000000,2016,2017,2
Anibal Sanchez,DET,SP,16800000,2013,2017,5
Dexter Fowler,STL,CF,16500000,2017,2021,5
Ben Zobrist,CHC,2B,16500000,2016,2019,4
Stephen Strasburg,WSH,SP,16428571,2017,2023,7
Adam Jones,BAL,OF,16352417,2013,2018,6
Alex Gordon,KC,LF,16000000,2016,2019,4
John Lackey,CHC,SP,16000000,2016,2017,2
Carlos Beltran,HOU,RF,16000000,2017,2017,1
Jake Arrieta,CHC,SP,15637500,2017,2017,1
Wei-Yin Chen,MIA,SP,15500000,2016,2020,5
Elvis Andrus,TEX,SS,15333333,2015,2022,8
Mike Leake,STL,SP,15000000,2016,2020,5
Curtis Granderson,NYM,CF,15000000,2014,2017,4
Melky Cabrera,CWS,LF,15000000,2015,2017,3
Scott Kazmir,LAD,SP,14985384,2016,2018,3
Edwin Encarnacion,CLE,DH,14666666,2017,2019,3
Dustin Pedroia,BOS,2B,14642348,2014,2021,8
Giancarlo Stanton,MIA,RF,14500000,2015,2027,13
Marco Estrada,TOR,SP,14500000,2016,2017,2
Nelson Cruz,SEA,DH,14250000,2015,2018,4
Andrew McCutchen,PIT,RF,14208333,2012,2017,6
Yadier Molina,STL,C,14200000,2013,2017,5
Ryan Zimmerman,WSH,1B,14000000,2014,2019,6
Miguel Montero,CHC,C,14000000,2013,2017,5
Yulieski Gurriel,HOU,1B,14000000,2016,2020,5
Hisashi Iwakuma,SEA,SP,14000000,2016,2017,2
Brandon Phillips,ATL,2B,13968236,2012,2017,6
Francisco Liriano,TOR,SP,13666667,2015,2017,3
J.J. Hardy,BAL,SS,13636781,2015,2017,3
Bryce Harper,WSH,RF,13625000,2017,2017,1
Ian Kennedy,KC,SP,13500000,2016,2020,5
Ervin Santana,MIN,SP,13500000,2015,2018,4
Phil Hughes,MIN,SP,13200000,2015,2019,5
Ubaldo Jimenez,BAL,P,13173102,2014,2017,4
Evan Longoria,TB,3B,13119486,2013,2022,10
Justin Turner,LAD,3B,13000000,2017,2020,4
Chase Headley,NYY,3B,13000000,2015,2018,4
Josh Reddick,HOU,RF,13000000,2017,2020,4
Jay Bruce,NYM,OF,13000000,2011,2016,6
Craig Kimbrel,BOS,RP,13000000,2014,2017,4
J.A. Happ,TOR,SP,13000000,2016,2018,3
Clay Buchholz,PHI,SP,13000000,2012,2015,4
Matt Holliday,NYY,LF,13000000,2017,2017,1
Rich Hill,LAD,SP,12666667,2017,2019,3
Brett Gardner,NYY,LF,12500000,2015,2018,4
Bartolo Colon,ATL,SP,12500000,2017,2017,1
Eric Hosmer,KC,1B,12250000,2017,2017,1
Matt Garza,MIL,SP,12209424,2014,2017,4
Jose Abreu,CWS,1B,12166667,2014,2019,6
Ricky Nolasco,LAA,SP,12000000,2014,2017,4
David Robertson,CWS,RP,12000000,2015,2018,4
Gio Gonzalez,WSH,SP,12000000,2012,2016,5
Daniel Murphy,WSH,2B,12000000,2016,2018,3
Chris Sale,BOS,SP,12000000,2013,2017,5
Carlos Santana,CLE,C,12000000,2012,2016,5
Jaime Garcia,ATL,P,12000000,2017,2017,1
Todd Frazier,CWS,3B,12000000,2017,2017,1
Nolan Arenado,COL,3B,11750000,2017,2018,2
J.D. Martinez,DET,RF,11750000,2016,2017,2
Madison Bumgarner,SF,SP,11666667,2013,2017,5
Brandon McCarthy,LAD,SP,11500000,2015,2018,4
Martin Prado,MIA,3B,11500000,2017,2019,3
Mark Trumbo,BAL,RF,11500000,2017,2019,3
Carlos Gomez,TEX,CF,11500000,2017,2017,1
Manny Machado,BAL,3B,11500000,2017,2017,1
Zach Britton,BAL,RP,11400000,2017,2017,1
Kyle Seager,SEA,3B,11000000,2015,2021,7
Ian Kinsler,DET,2B,11000000,2013,2017,5
Yu Darvish,TEX,SP,11000000,2012,2017,6
Nick Markakis,ATL,RF,11000000,2015,2018,4
Denard Span,SF,CF,11000000,2016,2018,3
Lorenzo Cain,KC,CF,11000000,2016,2017,2
Kendrys Morales,TOR,DH,11000000,2015,2016,2
Yovani Gallardo,SEA,SP,10888877,2016,2017,2
Kenley Jansen,LAD,RP,10800000,2017,2021,5
Matt Wieters,WSH,C,10500000,2017,2017,1
Chris Tillman,BAL,SP,10050000,2017,2017,1
Jhonny Peralta,STL,SS,10000000,2014,2017,4
Matt Carpenter,STL,3B,10000000,2014,2019,6
Andrew Cashner,TEX,SP,10000000,2017,2017,1
Wade Davis,CHC,P,10000000,2017,2017,1
Starlin Castro,NYY,2B,9857142,2013,2019,7
Howie Kendrick,PHI,2B,9540378,2016,2017,2
Yasmany Tomas,ARI,OF,9500000,2015,2020,6
Michael Brantley,CLE,OF,9375000,2014,2017,4
Jason Kipnis,CLE,2B,9166667,2014,2019,6
Dallas Keuchel,HOU,SP,9150000,2017,2017,1
Mark Melancon,SF,RP,9000000,2017,2020,4
Andrew Miller,CLE,RP,9000000,2015,2018,4
Francisco Cervelli,PIT,C,9000000,2017,2019,3
Edinson Volquez,MIA,SP,9000000,2017,2018,2
Huston Street,LAA,RP,9000000,2016,2017,2
Cameron Maybin,LAA,CF,9000000,2017,2017,1
Michael Saunders,PHI,LF,9000000,2017,2017,1
Wade Miley,BAL,SP,8916667,2015,2017,3
Paul Goldschmidt,ARI,1B,8833333,2014,2018,5
Mike Moustakas,KC,3B,8700000,2016,2017,2
Jason Castro,MIN,C,8500000,2017,2019,3
Asdrubal Cabrera,NYM,SS,8250000,2016,2017,2
Yasiel Puig,LAD,RF,8214285,2012,2018,7
Brandon Crawford,SF,SS,8200000,2016,2021,6
Ian Desmond,COL,1B,8000000,2017,2021,5
Andrelton Simmons,LAA,SS,8000000,2014,2020,7
Jason Vargas,KC,SP,8000000,2014,2017,4
Gerardo Parra,COL,LF,8000000,2016,2018,3
Joakim Soria,KC,RP,8000000,2016,2018,3
Hector Santiago,MIN,SP,8000000,2017,2017,1
Jon Jay,CHC,CF,8000000,2017,2017,1
Hyun-Jin Ryu,LAD,SP,7833333,2013,2018,6
Brett Cecil,STL,RP,7750000,2017,2020,4
Josh Harrison,PIT,2B,7750000,2015,2018,4
Addison Reed,NYM,RP,7750000,2017,2017,1
Dee Gordon,MIA,2B,7742202,2016,2020,5
Corey Kluber,CLE,SP,7700000,2015,2019,5
Ivan Nova,PIT,SP,7666667,2017,2019,3
Ryan Madson,OAK,RP,7666667,2016,2018,3
Lance Lynn,STL,SP,7500000,2015,2017,3
Joaquin Benoit,PHI,RP,7500000,2017,2017,1
R.A. Dickey,ATL,SP,7500000,2017,2017,1
Jeurys Familia,NYM,RP,7425000,2017,2017,1
Michael Pineda,NYY,SP,7400000,2017,2017,1
Cody Allen,CLE,RP,7350000,2017,2017,1
Devin Mesoraco,CIN,C,7325000,2015,2018,4
Charlie Blackmon,COL,CF,7300000,2017,2017,1
Anthony Rizzo,CHC,1B,7285714,2013,2019,7
Lucas Duda,NYM,1B,7250000,2017,2017,1
Jose Quintana,CWS,SP,7000000,2014,2018,5
Brad Ziegler,MIA,RP,7000000,2017,2018,2
Charlie Morton,HOU,P,7000000,2017,2018,2
Matt Moore,SF,SP,7000000,2012,2016,5
Seth Smith,BAL,RF,7000000,2015,2016,2
Yunel Escobar,LAA,3B,7000000,2015,2016,2
Logan Forsythe,LAD,2B,7000000,2016,2017,2
Darren O'Day,BAL,RP,6854712,2016,2019,4
Drew Smyly,SEA,SP,6850000,2017,2017,1
Garrett Richards,LAA,SP,6850000,2017,2017,1
A.J. Pollock,ARI,CF,6750000,2016,2017,2
Antonio Bastardo,PIT,P,6625000,2017,2017,1
A.J. Ramos,MIA,RP,6550000,2017,2017,1
Jed Lowrie,OAK,2B,6500000,2015,2017,3
Glen Perkins,MIN,RP,6500000,2014,2017,4
Carlos Carrasco,CLE,SP,6500000,2015,2018,4
Luis Valbuena,LAA,3B,6500000,2017,2018,2
Chris Young,BOS,LF,6500000,2016,2017,2
Jerry Blevins,NYM,RP,6500000,2017,2017,1
Pat Neshek,PHI,RP,6500000,2017,2017,1
Alcides Escobar,KC,SS,6500000,2016,2016,1
Julio Teheran,ATL,P,6466666,2014,2019,6
Trevor Rosenthal,STL,RP,6400000,2017,2017,1
Luke Gregerson,HOU,RP,6250000,2015,2017,3
Steve Pearce,TOR,1B,6250000,2017,2018,2
David Freese,PIT,3B,6250000,2017,2018,2
Jean Segura,SEA,SS,6200000,2017,2017,1
Tyler Clippard,NYY,RP,6150000,2016,2017,2
Jedd Gyorko,STL,3B,6000000,2014,2019,6
Kole Calhoun,LAA,RF,6000000,2017,2019,3
Brian Dozier,MIN,2B,6000000,2015,2018,4
Tony Sipp,HOU,RP,6000000,2016,2018,3
Francisco Rodriguez,DET,RP,6000000,2015,2016,2
Steve Cishek,SEA,RP,6000000,2016,2017,2
Derek Holland,CWS,SP,6000000,2017,2017,1
Greg Holland,COL,RP,6000000,2017,2017,1
Koji Uehara,CHC,RP,6000000,2017,2017,1
Mike Napoli,TEX,1B,6000000,2017,2017,1
Rajai Davis,OAK,CF,6000000,2017,2017,1
Tyson Ross,TEX,SP,6000000,2017,2017,1
Welington Castillo,BAL,C,6000000,2017,2017,1
Jake McGee,COL,RP,5900000,2017,2017,1
Miguel Gonzalez,CWS,SP,5900000,2017,2017,1
Anthony Rendon,WSH,3B,5800000,2017,2017,1
Hector Rondon,CHC,RP,5800000,2017,2017,1
Chris Young,KC,SP,5750000,2016,2017,2
Sean Rodriguez,ATL,1B,5750000,2017,2018,2
Jesse Chavez,LAA,SP,5750000,2017,2017,1
Tom Koehler,MIA,SP,5750000,2017,2017,1
Tony Watson,PIT,RP,5600000,2017,2017,1
Danny Valencia,SEA,3B,5550000,2017,2017,1
Shawn Kelley,WSH,RP,5500000,2016,2018,3
Zach Duke,STL,RP,5500000,2015,2017,3
Pedro Strop,CHC,RP,5500000,2017,2018,2
Daniel Hudson,PIT,RP,5500000,2017,2018,2
Marc Rzepczynski,SEA,RP,5500000,2017,2018,2
Santiago Casilla,OAK,RP,5500000,2017,2018,2
John Axford,OAK,RP,5500000,2016,2017,2
Boone Logan,CLE,RP,5500000,2017,2017,1
Mitch Moreland,BOS,1B,5500000,2017,2017,1
Norichika Aoki,HOU,LF,5500000,2017,2017,1
Yasmani Grandal,LAD,C,5500000,2017,2017,1
Danny Espinosa,LAA,SS,5425000,2017,2017,1
Neftali Feliz,MIL,RP,5350000,2017,2017,1
Starling Marte,PIT,LF,5333333,2014,2019,6
Kelvin Herrera,KC,RP,5325000,2017,2017,1
Zack Cozart,CIN,SS,5325000,2017,2017,1
Jonathan Lucroy,TEX,C,5250000,2012,2016,5
Trevor Plouffe,OAK,3B,5250000,2017,2017,1
Evan Gattis,HOU,C,5200000,2017,2017,1
Matt Harvey,NYM,SP,5125000,2017,2017,1
Didi Gregorius,NYY,SS,5100000,2017,2017,1
Danny Duffy,KC,SP,5000000,2017,2021,5
Jason Hammel,KC,P,5000000,2017,2018,2
Junichi Tazawa,MIA,RP,5000000,2017,2018,2
Jim Johnson,ATL,RP,5000000,2017,2018,2
Colby Rasmus,TB,LF,5000000,2017,2017,1
Khris Davis,OAK,LF,5000000,2017,2017,1
Matt Joyce,OAK,RF,5000000,2017,2017,1
Chris Archer,TB,SP,4916667,2014,2019,6
Leonys Martin,SEA,CF,4850000,2017,2017,1
DJ LeMahieu,COL,2B,4800000,2016,2017,2
Shelby Miller,ARI,SP,4700000,2017,2017,1
Jose Altuve,HOU,2B,4687500,2014,2017,4
Martin Perez,TEX,SP,4650000,2014,2017,4
Bryan Shaw,CLE,RP,4600000,2017,2017,1
David Phelps,MIA,RP,4600000,2017,2017,1
Yan Gomes,CLE,C,4583333,2014,2019,6
Wil Myers,SD,1B,4500000,2017,2022,6
Carlos Ruiz,SEA,C,4500000,2014,2016,3
Juan Lagares,NYM,CF,4500000,2015,2019,5
Xander Bogaerts,BOS,SS,4500000,2017,2017,1
Drew Pomeranz,BOS,SP,4450000,2017,2017,1
Tyler Chatwood,COL,SP,4400000,2017,2017,1
Adeiny Hechavarria,MIA,SS,4350000,2017,2017,1
Freddy Galvis,PHI,SS,4350000,2017,2017,1
Jordy Mercer,PIT,SS,4325000,2017,2017,1
Tanner Roark,WSH,SP,4315000,2017,2017,1
Lonnie Chisenhall,CLE,RF,4300000,2017,2017,1
Wily Peralta,MIL,SP,4275000,2017,2017,1
Raisel Iglesias,CIN,SP,4214285,2014,2020,7
Salvador Perez,KC,C,4200000,2016,2021,6
Hyun-soo Kim,BAL,LF,4200000,2016,2017,2
Alex Cobb,TB,SP,4200000,2017,2017,1
Eduardo Nunez,SF,SS,4200000,2017,2017,1
Jeanmar Gomez,PHI,RP,4200000,2017,2017,1
Justin Smoak,TOR,1B,4125000,2017,2017,1
Jake Odorizzi,TB,SP,4100000,2017,2017,1
Jose Iglesias,DET,SS,4100000,2017,2017,1
Jacob deGrom,NYM,SP,4050000,2017,2017,1
Brandon Belt,SF,1B,4000000,2017,2021,5
Adam Eaton,WSH,CF,4000000,2015,2019,5
Mike Dunn,COL,RP,4000000,2017,2019,3
Wilson Ramos,TB,C,4000000,2017,2018,2
Travis Wood,KC,SP,4000000,2017,2018,2
John Jaso,PIT,1B,4000000,2016,2017,2
Mike Minor,KC,SP,4000000,2016,2017,2
Oliver Perez,WSH,RP,4000000,2016,2017,2
Ben Revere,LAA,CF,4000000,2017,2017,1
Chris Carter,NYY,1B,4000000,2017,2017,1
Eric Thames,MIL,1B,4000000,2017,2017,1
Joe Blanton,WSH,RP,4000000,2017,2017,1
Yonder Alonso,OAK,1B,4000000,2017,2017,1
Patrick Corbin,ARI,RP,3950000,2017,2017,1
George Springer,HOU,RF,3900000,2017,2017,1
Collin McHugh,HOU,SP,3850000,2017,2017,1
Brandon Moss,KC,LF,3750000,2017,2018,2
Jonathan Broxton,STL,RP,3750000,2016,2017,2
Chad Qualls,COL,RP,3750000,2016,2017,2
Gerrit Cole,PIT,SP,3750000,2017,2017,1
Marwin Gonzalez,HOU,SS,3725000,2017,2017,1
Carlos Martinez,STL,SP,3700000,2017,2021,5
Jorge Soler,KC,RF,3666666,2012,2020,9
Juan Nicasio,PIT,RP,3650000,2017,2017,1
Jackie Bradley Jr.,BOS,CF,3600000,2017,2017,1
Brad Miller,TB,SS,3575000,2017,2017,1
Sonny Gray,OAK,SP,3575000,2017,2017,1
Trevor Bauer,CLE,SP,3550000,2017,2017,1
Sam Dyson,TEX,RP,3520000,2017,2017,1
Christian Yelich,MIA,LF,3500000,2015,2021,7
Brett Anderson,CHC,SP,3500000,2017,2017,1
Marcell Ozuna,MIA,CF,3500000,2017,2017,1
Stephen Drew,WSH,2B,3500000,2017,2017,1
Jonathan Schoop,BAL,2B,3475000,2017,2017,1
Kevin Gausman,BAL,SP,3450000,2017,2017,1
Mike Fiers,HOU,SP,3450000,2017,2017,1
Danny Salazar,CLE,SP,3400000,2017,2017,1
Marcus Stroman,TOR,SP,3400000,2017,2017,1
Matt Shoemaker,LAA,SP,3325000,2017,2017,1
Erasmo Ramirez,TB,RP,3210000,2017,2017,1
Jordan Lyles,COL,RP,3175000,2017,2017,1
Kevin Kiermaier,TB,CF,3166667,2017,2022,6
Kenta Maeda,LAD,SP,3125000,2016,2023,8
Brad Brach,BAL,RP,3050000,2017,2017,1
Corey Dickerson,TB,LF,3025000,2017,2017,1
Jeff Locke,MIA,RP,3025000,2017,2017,1
Tyler Flowers,ATL,C,3000000,2016,2017,2
Andres Blanco,PHI,2B,3000000,2017,2017,1
Avisail Garcia,CWS,DH,3000000,2017,2017,1
Dellin Betances,NYY,RP,3000000,2017,2017,1
Drew Storen,CIN,RP,3000000,2017,2017,1
Fernando Salas,NYM,RP,3000000,2017,2017,1
J.P. Howell,TOR,RP,3000000,2017,2017,1
Jason Grilli,TOR,RP,3000000,2017,2017,1
Jered Weaver,SD,SP,3000000,2017,2017,1
Joe Smith,TOR,RP,3000000,2017,2017,1
Nick Castellanos,DET,3B,3000000,2017,2017,1
Sergio Romo,LAD,RP,3000000,2017,2017,1
Stephen Vogt,OAK,C,2965000,2017,2017,1
Brandon Kintzler,MIN,RP,2925000,2017,2017,1
Kyle Gibson,MIN,SP,2900000,2017,2017,1
Darwin Barney,TOR,2B,2887500,2017,2017,1
Alex Wood,LAD,RP,2800000,2017,2017,1
Jarrod Dyson,SEA,RF,2800000,2017,2017,1
Joe Kelly,BOS,RP,2800000,2017,2017,1
Matt Adams,STL,1B,2800000,2017,2017,1
Michael Wacha,STL,SP,2775000,2017,2017,1
Seung Hwan Oh,STL,RP,2750000,2017,2017,1
Ender Inciarte,ATL,RF,2700000,2017,2021,5
Justin Wilson,DET,RP,2700000,2017,2017,1
Sean Doolittle,OAK,RP,2630000,2014,2018,5
Yangervis Solarte,SD,3B,2625000,2017,2018,2
Billy Hamilton,CIN,CF,2625000,2017,2017,1
Eduardo Escobar,MIN,SS,2600000,2017,2017,1
Franklin Gutierrez,LAD,LF,2600000,2017,2017,1
Cesar Hernandez,PHI,2B,2550000,2017,2017,1
Jake Diekman,TEX,RP,2550000,2017,2017,1
Scooter Gennett,CIN,2B,2525000,2017,2017,1
Josh Tomlin,CLE,SP,2500000,2016,2017,2
A.J. Ellis,MIA,C,2500000,2017,2017,1
Aledmys Diaz,STL,SS,2500000,2017,2017,1
Fernando Rodney,ARI,RP,2500000,2017,2017,1
Logan Morrison,TB,1B,2500000,2017,2017,1
Will Smith,SF,RP,2500000,2017,2017,1
Chase Anderson,MIL,SP,2450000,2017,2017,1
James Paxton,SEA,SP,2350000,2017,2017,1
Chris Owings,ARI,SS,2300000,2017,2017,1
Scott Feldman,CIN,RP,2300000,2017,2017,1
Adam Warren,NYY,RP,2290000,2017,2017,1
Jung-ho Kang,PIT,3B,2275000,2015,2018,4
Kolten Wong,STL,2B,2250000,2016,2020,5
Cliff Pennington,LAA,2B,2250000,2016,2017,2
Jorge De La Rosa,ARI,SP,2250000,2017,2017,1
Taijuan Walker,ARI,SP,2250000,2017,2017,1
Yusmeiro Petit,LAA,SP,2250000,2017,2017,1
Will Harris,HOU,RP,2200000,2017,2018,2
Wilmer Flores,NYM,SS,2200000,2017,2017,1
Carlos Torres,MIL,RP,2175000,2017,2017,1
Adam Ottavino,COL,RP,2100000,2016,2018,3
Jeremy Jeffress,TEX,RP,2100000,2017,2017,1
Matt Belisle,MIN,RP,2050000,2017,2017,1
Tyler Thornburg,BOS,RP,2050000,2017,2017,1
Brandon Guyer,CLE,LF,2000000,2017,2018,2
Jeff Mathis,ARI,C,2000000,2017,2018,2
A.J. Griffin,TEX,SP,2000000,2017,2017,1
Aaron Hill,SF,2B,2000000,2017,2017,1
Adam Lind,WSH,1B,2000000,2017,2017,1
Alex Avila,DET,C,2000000,2017,2017,1
Brian Duensing,CHC,RP,2000000,2017,2017,1
Chase Utley,LAD,2B,2000000,2017,2017,1
Fernando Abad,BOS,RP,2000000,2017,2017,1
Geovany Soto,CWS,C,2000000,2017,2017,1
Ichiro Suzuki,MIA,CF,2000000,2017,2017,1
Nate Eovaldi,TB,SP,2000000,2017,2017,1
Nick Hundley,SF,C,2000000,2017,2017,1
Robinson Chirinos,TEX,C,1950000,2017,2018,2
Brock Holt,BOS,LF,1950000,2017,2017,1
Nate Jones,CWS,RP,1900000,2016,2018,3
Brandon Maurer,SD,RP,1900000,2017,2017,1
Travis d'Arnaud,NYM,C,1875000,2017,2017,1
Justin Grimm,CHC,RP,1825000,2017,2017,1
Robbie Ross Jr.,BOS,RP,1825000,2017,2017,1
Tony Cingrani,CIN,RP,1825000,2017,2017,1
Zach McAllister,CLE,RP,1825000,2017,2017,1
Ryan Flaherty,BAL,2B,1800000,2017,2017,1
Christian Friedrich,SD,SP,1790000,2017,2017,1
Randall Delgado,ARI,RP,1775000,2017,2017,1
Tony Barnette,TEX,RP,1750000,2016,2017,2
Bud Norris,LAA,RP,1750000,2017,2017,1
Clayton Richard,SD,SP,1750000,2017,2017,1
Dustin McGowan,MIA,RP,1750000,2017,2017,1
Erick Aybar,SD,SS,1750000,2017,2017,1
George Kontos,SF,RP,1750000,2017,2017,1
Jhoulys Chacin,SD,SP,1750000,2017,2017,1
Rene Rivera,NYM,C,1750000,2017,2017,1
Trevor Cahill,SD,SP,1750000,2017,2017,1
Martin Maldonado,LAA,C,1725000,2017,2017,1
Derek Dietrich,MIA,3B,1700000,2017,2017,1
Dylan Bundy,BAL,SP,1640000,2017,2017,1
Kevin Siegrist,STL,RP,1637500,2017,2017,1
Gregory Polanco,PIT,RF,1600000,2017,2021,5
Odubel Herrera,PHI,CF,1600000,2017,2021,5
Brad Boxberger,TB,RP,1600000,2017,2017,1
Jose Lobaton,WSH,C,1575000,2017,2017,1
Arodys Vizcaino,ATL,RP,1550000,2017,2017,1
Drew Butera,KC,C,1500000,2017,2018,2
Austin Jackson,CLE,CF,1500000,2017,2017,1
Chris Iannetta,ARI,C,1500000,2017,2017,1
Kurt Suzuki,ATL,C,1500000,2017,2017,1
Luis Avilan,LAD,RP,1500000,2017,2017,1
Mark Reynolds,COL,1B,1500000,2017,2017,1
Rickie Weeks Jr.,TB,LF,1500000,2017,2017,1
Chris Stewart,PIT,C,1400000,2016,2017,2
Chris Heisey,WSH,LF,1400000,2017,2017,1
Conor Gillaspie,SF,3B,1400000,2017,2017,1
Dan Jennings,CWS,RP,1400000,2017,2017,1
Tommy Hunter,TB,SP,1400000,2017,2017,1
Brad Hand,SD,RP,1375000,2017,2017,1
Aaron Hicks,NYY,CF,1350000,2017,2017,1
Daniel Descalso,ARI,1B,1350000,2017,2017,1
Daniel Nava,PHI,LF,1350000,2017,2017,1
Peter Bourjos,TB,CF,1350000,2017,2017,1
Rougned Odor,TEX,2B,1333333,2017,2022,6
Nick Vincent,SEA,RP,1325000,2017,2017,1
Scott Van Slyke,LAD,LF,1325000,2017,2017,1
Andrew Romine,DET,3B,1300000,2017,2017,1
Sandy Leon,BOS,C,1300000,2017,2017,1
Xavier Cedeno,TB,RP,1300000,2017,2017,1
Blake Wood,CIN,RP,1275000,2017,2017,1
Adam Rosales,OAK,3B,1250000,2017,2017,1
Alexi Amarista,COL,2B,1250000,2017,2017,1
Chris Hatcher,LAD,RP,1250000,2017,2017,1
Craig Breslow,MIN,RP,1250000,2017,2017,1
Emilio Bonifacio,ATL,OF,1250000,2017,2017,1
Eric O'Flaherty,ATL,RP,1250000,2017,2017,1
Jacob Lindgren,ATL,RP,1250000,2017,2017,1
Jarrod Saltalamacchia,TOR,C,1250000,2017,2017,1
Tom Milone,MIL,SP,1250000,2017,2017,1
Tom Wilhelmsen,ARI,RP,1250000,2017,2017,1
Derek Norris,TB,C,1200000,2017,2017,1
Josh Collmenter,ATL,SP,1200000,2017,2017,1
Alex Wilson,DET,RP,1175000,2017,2017,1
Ryan Pressly,MIN,RP,1175000,2017,2017,1
Ezequiel Carrera,TOR,LF,1162500,2017,2017,1
Aaron Loup,TOR,RP,1125000,2017,2017,1
Vidal Nuno,BAL,RP,1125000,2017,2017,1
Zach Putnam,CWS,RP,1117500,2017,2017,1
Casey Fien,SEA,RP,1100000,2017,2017,1
Jake Marisnick,HOU,CF,1100000,2017,2017,1
Liam Hendriks,OAK,RP,1100000,2017,2017,1
Tommy Layne,NYY,RP,1075000,2017,2017,1
Dan Otero,CLE,RP,1055000,2017,2017,1
Cory Gearrin,SF,RP,1050000,2017,2017,1
Kris Bryant,CHC,3B,1050000,2017,2017,1
Jurickson Profar,TEX,2B,1005000,2017,2017,1
Andrew Bailey,LAA,RP,1000000,2017,2017,1
Peter Moylan,KC,RP,1000000,2017,2017,1
Shawn Tolleson,TB,RP,1000000,2017,2017,1
Tyler Moore,MIA,1B,1000000,2017,2017,1
Carter Capps,SD,RP,987500,2017,2017,1
Tanner Scheppers,TEX,RP,975000,2017,2017,1
Jose Ramirez,CLE,3B,971400,2017,2021,5
Chris Gimenez,MIN,C,950000,2017,2017,1
Mookie Betts,BOS,RF,950000,2017,2017,1
Chris Herrmann,ARI,C,937500,2017,2017,1
Evan Scribner,SEA,RP,907500,2017,2017,1
Anthony Swarzak,CWS,RP,900000,2017,2017,1
Craig Stammen,SD,RP,900000,2017,2017,1
Danny Farquhar,TB,RP,900000,2017,2017,1
Ian Krol,ATL,RP,900000,2017,2017,1
J.J. Hoover,ARI,RP,900000,2017,2017,1
Kirk Nieuwenhuis,MIL,CF,900000,2017,2017,1
Tim Beckham,TB,2B,855000,2017,2017,1
Tim Anderson,CWS,SS,850000,2017,2022,6
Bruce Rondon,DET,RP,850000,2017,2017,1
Craig Gentry,BAL,LF,850000,2017,2017,1
Jake Petricka,CWS,RP,825000,2017,2017,1
Austin Romine,NYY,C,805000,2017,2017,1
Zack Wheeler,NYM,SP,800000,2017,2017,1
Guillermo Heredia,SEA,CF,782000,2017,2017,1
Kyle Hendricks,CHC,SP,760500,2017,2017,1
Hector Sanchez,SD,C,750000,2017,2017,1
Neil Ramirez,SF,RP,750000,2017,2017,1
Wade LeBlanc,PIT,RP,750000,2017,2017,1
Chaz Roe,ATL,RP,720000,2017,2017,1
Caleb Joseph,BAL,C,700000,2017,2017,1
Eric Fryer,STL,C,675000,2017,2017,1
Josh Edgin,NYM,RP,675000,2017,2017,1
Addison Russell,CHC,SS,644000,2017,2017,1
Jesus Sucre,TB,C,630000,2017,2017,1
Chris Marrero,SF,1B,610000,2017,2017,1
Javier Baez,CHC,SS,609000,2017,2017,1
Noah Syndergaard,NYM,SP,605500,2017,2017,1
Carlos Rodon,CWS,SP,600000,2017,2017,1
Chase d'Arnaud,ATL,2B,600000,2017,2017,1
Ehire Adrianza,MIN,SS,600000,2017,2017,1
Joe Panik,SF,2B,600000,2017,2017,1
Josh Rutledge,BOS,2B,600000,2017,2017,1
Michael Martinez,CLE,OF,600000,2017,2017,1
Eugenio Suarez,CIN,3B,595000,2017,2017,1
Steven Wright,BOS,SP,593500,2017,2017,1
Anthony DeSclafani,CIN,SP,585000,2017,2017,1
Eduardo Rodriguez,BOS,SP,584500,2017,2017,1
Roenis Elias,BOS,SP,582500,2017,2017,1
Francisco Lindor,CLE,SS,579300,2017,2017,1
Adam Duvall,CIN,LF,577500,2017,2017,1
Corey Seager,LAD,SS,575500,2017,2017,1
Jake Smolinksi,OAK,OF,575000,2017,2017,1
Pete Kozma,NYY,SS,575000,2017,2017,1
Tucker Barnhart,CIN,C,575000,2017,2017,1
Tommy La Stella,CHC,2B,573500,2017,2017,1
Jake Lamb,ARI,3B,573300,2017,2017,1
Miguel Sano,MIN,3B,572500,2017,2017,1
David Peralta,ARI,RF,572200,2017,2017,1
Nathan Karns,KC,SP,571000,2017,2017,1
Mike Montgomery,CHC,SP,570500,2017,2017,1
Robbie Ray,ARI,SP,570400,2017,2017,1
Mike Zunino,SEA,C,570000,2017,2017,1
Brandon Finnegan,CIN,SP,567000,2017,2017,1
Jarred Cosart,SD,SP,566300,2017,2017,1
Nick Ahmed,ARI,SS,566000,2017,2017,1
Kyle Schwarber,CHC,LF,565500,2017,2017,1
C.J. Cron,LAA,1B,565000,2017,2017,1
Cameron Rupp,PHI,C,565000,2017,2017,1
Tyler Naquin,CLE,CF,564800,2017,2017,1
Felipe Rivero,PIT,RP,564500,2017,2017,1
Christian Colon,KC,2B,564000,2017,2017,1
Blake Treinen,WSH,RP,563700,2017,2017,1
Matt Barnes,BOS,RP,563500,2017,2017,1
J.T. Realmuto,MIA,C,562500,2017,2017,1
Steven Matz,NYM,SP,562250,2017,2017,1
Ronald Torreyes,NYY,SS,561900,2017,2017,1
Christian Vazquez,BOS,C,561000,2017,2017,1
Stephen Piscotty,STL,RF,560400,2017,2017,1
Blake Parker,LAA,RP,560000,2017,2017,1
Maikel Franco,PHI,3B,560000,2017,2017,1
Phil Gosselin,PIT,2B,559500,2017,2017,1
Andrew Chafin,ARI,RP,559300,2017,2017,1
Paulo Orlando,KC,RF,558250,2017,2017,1
Gary Sanchez,NYY,C,557900,2017,2017,1
Michael Taylor,WSH,CF,557900,2017,2017,1
Hector Neris,PHI,RP,557500,2017,2017,1
Jose Alvarez,LAA,RP,557500,2017,2017,1
Jumbo Diaz,TB,RP,557500,2017,2017,1
Randal Grichuk,STL,CF,557200,2017,2017,1
Carson Smith,BOS,RP,556750,2017,2017,1
Brian Flynn,KC,RP,556000,2017,2017,1
Carl Edwards Jr.,CHC,RP,556000,2017,2017,1
Jameson Taillon,PIT,SP,555500,2017,2017,1
Cam Bedrosian,LAA,RP,555000,2017,2017,1
Enrique Hernandez,LAD,LF,555000,2017,2017,1
Hunter Strickland,SF,RP,555000,2017,2017,1
Jace Peterson,ATL,2B,555000,2017,2017,1
Joc Pederson,LAD,CF,555000,2017,2017,1
Kevin Pillar,TOR,CF,555000,2017,2017,1
Michael Lorenzen,CIN,RP,555000,2017,2017,1
Trevor May,MIN,RP,555000,2017,2017,1
Tyler Skaggs,LAA,SP,555000,2017,2017,1
Yimi Garcia,LAD,RP,555000,2017,2017,1
Michael Conforto,NYM,LF,554904,2017,2017,1
Trea Turner,WSH,CF,554900,2017,2017,1
Chris Devenski,HOU,RP,554500,2017,2017,1
Jonathan Villar,MIL,SS,554500,2017,2017,1
Willson Contreras,CHC,C,554500,2017,2017,1
Brandon Drury,ARI,3B,553900,2017,2017,1
Hansel Robles,NYM,RP,553125,2017,2017,1
Eddie Rosario,MIN,LF,552500,2017,2017,1
Justin Bour,MIA,1B,552500,2017,2017,1
Robbie Grossman,MIN,LF,552500,2017,2017,1
Chasen Shreve,NYY,RP,552425,2017,2017,1
Roberto Osuna,TOR,RP,552400,2017,2017,1
Cheslor Cuthbert,KC,3B,552250,2017,2017,1
Dan Straily,MIA,SP,552100,2017,2017,1
James McCann,DET,C,552100,2017,2017,1
Albert Almora Jr.,CHC,CF,552000,2017,2017,1
Jerad Eickhoff,PHI,SP,552000,2017,2017,1
Michael Fulmer,DET,SP,551900,2017,2017,1
Enny Romero,WSH,RP,551000,2017,2017,1
Luis Severino,NYY,SP,550975,2017,2017,1
Bryan Mitchell,NYY,SP,550625,2017,2017,1
Shane Greene,DET,RP,550600,2017,2017,1
Ken Giles,HOU,RP,550100,2017,2017,1
Chad Kuhl,PIT,SP,550000,2017,2017,1
JC Ramirez,LAA,RP,550000,2017,2017,1
Pedro Baez,LAD,RP,550000,2017,2017,1
Roberto Perez,CLE,C,550000,2017,2017,1
Tyler Lyons,STL,RP,549800,2017,2017,1
Adam Frazier,PIT,LF,549500,2017,2017,1
Matt Szczur,CHC,CF,549500,2017,2017,1
Andrew Benintendi,BOS,LF,549000,2017,2017,1
Josh Bell,PIT,1B,549000,2017,2017,1
Jake Barrett,ARI,RP,548300,2017,2017,1
Dominic Leone,TOR,RP,548200,2017,2017,1
Ryan Goins,TOR,2B,548200,2017,2017,1
Lance McCullers Jr.,HOU,SP,548000,2017,2017,1
Alex Colome,TB,RP,547900,2017,2017,1
Greg Garcia,STL,2B,547900,2017,2017,1
Adonis Garcia,ATL,3B,547500,2017,2017,1
Carlos Perez,LAA,C,547500,2017,2017,1
Matt Andriese,TB,SP,547500,2017,2017,1
Max Kepler,MIN,CF,547500,2017,2017,1
Heath Hembree,BOS,RP,547000,2017,2017,1
Jefry Marte,LAA,3B,547000,2017,2017,1
Jimmy Nelson,MIL,SP,547000,2017,2017,1
Tyler Saladino,CWS,3B,547000,2017,2017,1
Vince Velasquez,PHI,SP,547000,2017,2017,1
Steven Souza Jr.,TB,RF,546700,2017,2017,1
Matt Bowman,STL,RP,546600,2017,2017,1
Leury Garcia,CWS,CF,546500,2017,2017,1
Nomar Mazara,TEX,RF,546450,2017,2017,1
Kyle Ryan,DET,RP,546400,2017,2017,1
Junior Guerra,MIL,SP,546200,2017,2017,1
Michael Feliz,HOU,RP,546200,2017,2017,1
Ryan Schimpf,SD,2B,546200,2017,2017,1
Zach Davies,MIL,SP,546200,2017,2017,1
Mychal Givens,BAL,RP,546000,2017,2017,1
Yolmer Sanchez,CWS,2B,546000,2017,2017,1
Colin Rea,SD,SP,545800,2017,2017,1
Hernan Perez,MIL,3B,545700,2017,2017,1
Sammy Solis,WSH,RP,545700,2017,2017,1
Daniel Norris,DET,SP,545500,2017,2017,1
Robbie Erlin,SD,SP,545500,2017,2017,1
Matt Duffy,TB,3B,545300,2017,2017,1
Devon Travis,TOR,2B,545200,2017,2017,1
Alex Claudio,TEX,RP,545050,2017,2017,1
Blake Snell,TB,SP,545000,2017,2017,1
Chad Bettis,COL,SP,545000,2017,2017,1
Chris Rusin,COL,RP,545000,2017,2017,1
Danny Santana,MIN,CF,545000,2017,2017,1
Danny Winkler,ATL,RP,545000,2017,2017,1
Derek Law,SF,RP,545000,2017,2017,1
Edwin Diaz,SEA,RP,545000,2017,2017,1
Greg Bird,NYY,1B,545000,2017,2017,1
Josh Phegley,OAK,C,545000,2017,2017,1
Josh Ravin,LAD,RP,545000,2017,2017,1
Kendall Graveman,OAK,SP,545000,2017,2017,1
Marcus Semien,OAK,SS,545000,2017,2017,1
Mark Canha,OAK,OF,545000,2017,2017,1
Tyler Wilson,BAL,RP,545000,2017,2017,1
Matt Bush,TEX,RP,544920,2017,2017,1
Ryan Rua,TEX,RF,544740,2017,2017,1
Ryan Buchter,SD,RP,544700,2017,2017,1
Tyler Collins,DET,LF,544700,2017,2017,1
Aaron Judge,NYY,RF,544500,2017,2017,1
Travis Shaw,MIL,3B,544400,2017,2017,1
Luis Perdomo,SD,SP,544300,2017,2017,1
Travis Jankowski,SD,CF,544300,2017,2017,1
Abraham Almonte,CLE,CF,544200,2017,2017,1
Matt Boyd,DET,SP,544200,2017,2017,1
Archie Bradley,ARI,SP,544100,2017,2017,1
Aaron Nola,PHI,SP,544000,2017,2017,1
Mike Foltynewicz,ATL,SP,544000,2017,2017,1
Shawn O'Malley,SEA,SS,544000,2017,2017,1
Trevor Williams,PIT,SP,544000,2017,2017,1
Tyler Austin,NYY,1B,544000,2017,2017,1
Seth Lugo,NYM,SP,543500,2017,2017,1
Joe Musgrove,HOU,SP,543400,2017,2017,1
Andrew Heaney,LAA,SP,543000,2017,2017,1
Bo Schultz,TOR,RP,543000,2017,2017,1
Joe Biagini,TOR,RP,543000,2017,2017,1
Tommy Joseph,PHI,1B,543000,2017,2017,1
Ryan Tepera,TOR,RP,542700,2017,2017,1
Jeremy Hazelbaker,ARI,LF,542500,2017,2017,1
Michael Tonkin,MIN,RP,542500,2017,2017,1
Nick Tropeano,LAA,SP,542500,2017,2017,1
Taylor Rogers,MIN,RP,542500,2017,2017,1
Tyler Duffey,MIN,SP,542500,2017,2017,1
Domingo Santana,MIL,RF,542200,2017,2017,1
Trevor Brown,SF,C,542000,2017,2017,1
Christian Bethancourt,SD,C,541800,2017,2017,1
Luis Sardinas,SD,2B,541800,2017,2017,1
Robert Gsellman,NYM,SP,541750,2017,2017,1
Alen Hanson,PIT,SS,541500,2017,2017,1
Alex Dickerson,SD,RF,541500,2017,2017,1
Brad Peacock,HOU,SP,541500,2017,2017,1
Rafael Montero,NYM,RP,541400,2017,2017,1
Mikie Mahtook,DET,CF,541300,2017,2017,1
Keon Broxton,MIL,CF,541200,2017,2017,1
Tyler Glasnow,PIT,SP,541000,2017,2017,1
Ariel Miranda,SEA,SP,540500,2017,2017,1
Delino DeShields,TEX,CF,540300,2017,2017,1
Jhan Marinez,MIL,RP,540200,2017,2017,1
Andrew Toles,LAD,CF,540000,2017,2017,1
Austin Barnes,LAD,C,540000,2017,2017,1
Chris Bassitt,OAK,SP,540000,2017,2017,1
Cristhian Adames,COL,SS,540000,2017,2017,1
Dansby Swanson,ATL,SS,540000,2017,2017,1
Edubray Ramos,PHI,RP,540000,2017,2017,1
Grant Dayton,LAD,RP,540000,2017,2017,1
Jairo Diaz,COL,RP,540000,2017,2017,1
Jon Gray,COL,SP,540000,2017,2017,1
Jorge Polanco,MIN,SS,540000,2017,2017,1
Jose Peraza,CIN,SS,540000,2017,2017,1
Michael Ynoa,CWS,RP,540000,2017,2017,1
Omar Narvaez,CWS,C,540000,2017,2017,1
Ross Stripling,LAD,RP,540000,2017,2017,1
Ryan Dull,OAK,RP,540000,2017,2017,1
Ryan O'Rourke,MIN,RP,540000,2017,2017,1
Scott Oberg,COL,RP,540000,2017,2017,1
Scott Schebler,CIN,LF,540000,2017,2017,1
Tony Wolters,COL,C,540000,2017,2017,1
Trevor Story,COL,SS,540000,2017,2017,1
Tyler Anderson,COL,SP,540000,2017,2017,1
T.J. Rivera,NYM,SS,539958,2017,2017,1
Jett Bandy,MIL,C,539800,2017,2017,1
Mallex Smith,TB,CF,539800,2017,2017,1
Tony Zych,SEA,RP,539600,2017,2017,1
Socrates Brito,ARI,CF,539500,2017,2017,1
Alex Bregman,HOU,3B,539400,2017,2017,1
Cody Anderson,CLE,SP,539100,2017,2017,1
Adam Morgan,PHI,SP,539000,2017,2017,1
Dalton Pompey,TOR,CF,539000,2017,2017,1
Jarrett Parker,SF,RF,539000,2017,2017,1
Joey Rickard,BAL,CF,539000,2017,2017,1
Mac Williamson,SF,RF,539000,2017,2017,1
Corey Knebel,MIL,RP,538900,2017,2017,1
Matt Strahm,KC,SP,538900,2017,2017,1
Dario Alvarez,TEX,RP,538790,2017,2017,1
Aaron Altherr,PHI,CF,538500,2017,2017,1
Donnie Hart,BAL,RP,538500,2017,2017,1
Koda Glover,WSH,RP,538300,2017,2017,1
Manny Pina,MIL,C,538200,2017,2017,1
Steve Hathaway,ARI,RP,538200,2017,2017,1
Orlando Arcia,MIL,SS,538100,2017,2017,1
Arismendy Alcantara,CIN,CF,538000,2017,2017,1
Mitch Haniger,SEA,LF,538000,2017,2017,1
Oliver Drake,BAL,RP,538000,2017,2017,1
Dixon Machado,DET,SS,537800,2017,2017,1
Wilmer Difo,WSH,SS,537800,2017,2017,1
Jacob Barnes,MIL,RP,537700,2017,2017,1
Taylor Jungmann,MIL,RP,537600,2017,2017,1
Adam Conley,MIA,SP,537500,2017,2017,1
Andrew Triggs,OAK,SP,537500,2017,2017,1
Brock Stewart,LAD,RP,537500,2017,2017,1
Daniel Coulombe,OAK,RP,537500,2017,2017,1
Daniel Mengden,OAK,SP,537500,2017,2017,1
Frankie Montas,OAK,RP,537500,2017,2017,1
Mauricio Cabrera,ATL,RP,537500,2017,2017,1
Miguel Socolovich,STL,RP,537500,2017,2017,1
Rob Whalen,SEA,SP,537500,2017,2017,1
Ryon Healy,OAK,3B,537500,2017,2017,1
Sean Manaea,OAK,SP,537500,2017,2017,1
Andrew Susac,MIL,C,537400,2017,2017,1
Hanser Alberto,TEX,SS,537360,2017,2017,1
Raul Mondesi,KC,SS,537250,2017,2017,1
Ty Kelly,NYM,LF,537208,2017,2017,1
Jandel Gustave,HOU,RP,537200,2017,2017,1
Taylor Motter,SEA,SS,537200,2017,2017,1
Joey Gallo,TEX,3B,537120,2017,2017,1
Austin Hedges,SD,C,537100,2017,2017,1
Brett Nicholas,TEX,C,537000,2017,2017,1
Carlos Estevez,COL,RP,537000,2017,2017,1
Chi Chi Gonzalez,TEX,SP,537000,2017,2017,1
Cody Reed,CIN,RP,537000,2017,2017,1
David Dahl,COL,CF,537000,2017,2017,1
Dustin Garneau,COL,C,537000,2017,2017,1
German Marquez,COL,SP,537000,2017,2017,1
Gorkys Hernandez,SF,CF,537000,2017,2017,1
Nefi Ogando,CIN,RP,537000,2017,2017,1
Robby Scott,BOS,RP,537000,2017,2017,1
Tom Murphy,COL,C,537000,2017,2017,1
Zach Eflin,PHI,SP,537000,2017,2017,1
Jonathan Holder,NYY,RP,536875,2017,2017,1
Josh Smoker,NYM,RP,536625,2017,2017,1
Dillon Overton,SEA,SP,536600,2017,2017,1
John Gant,STL,RP,536600,2017,2017,1
James Pazos,SEA,RP,536500,2017,2017,1
Kyle Barraclough,MIA,RP,536500,2017,2017,1
Matt Davidson,CWS,3B,536500,2017,2017,1
Sam Tuivailala,STL,RP,536500,2017,2017,1
Terrance Gore,KC,OF,536500,2017,2017,1
Ty Blach,SF,SP,536500,2017,2017,1
Jose A. Ramirez,ATL,RP,536250,2017,2017,1
Brandon Nimmo,NYM,CF,536240,2017,2017,1
Shae Simmons,SEA,RP,536200,2017,2017,1
Dan Altavilla,SEA,RP,536100,2017,2017,1
David Paulino,HOU,SP,536100,2017,2017,1
Hunter Dozier,KC,3B,536100,2017,2017,1
JaCoby Jones,DET,CF,536100,2017,2017,1
Charlie Tilson,CWS,CF,536000,2017,2017,1
Jesus Aguilar,MIL,1B,536000,2017,2017,1
Jose Leclerc,TEX,RP,536000,2017,2017,1
Trey Mancini,BAL,DH,536000,2017,2017,1
Hunter Renfroe,SD,RF,535900,2017,2017,1
Buddy Baumann,SD,RP,535700,2017,2017,1
Shawn Armstrong,CLE,RP,535700,2017,2017,1
Manuel Margot,SD,CF,535600,2017,2017,1
Jose Torres,SD,RP,535400,2017,2017,1
Aaron Sanchez,TOR,SP,535000,2017,2017,1
Adalberto Mejia,MIN,SP,535000,2017,2017,1
Alex Reyes,STL,SP,535000,2017,2017,1
Allen Cordoba,SD,SS,535000,2017,2017,1
Amir Garrett,CIN,RP,535000,2017,2017,1
Andrew Knapp,PHI,C,535000,2017,2017,1
Anthony Santander,BAL,OF,535000,2017,2017,1
Antonio Senzatela,COL,SP,535000,2017,2017,1
Armando Rivero,ATL,RP,535000,2017,2017,1
Austin Brice,CIN,RP,535000,2017,2017,1
Austin Pruitt,TB,RP,535000,2017,2017,1
Barrett Astin,CIN,SP,535000,2017,2017,1
Ben Taylor,BOS,RP,535000,2017,2017,1
Brock Stassi,PHI,1B,535000,2017,2017,1
Byron Buxton,MIN,CF,535000,2017,2017,1
Carlos Correa,HOU,SS,535000,2017,2017,1
Cody Asche,CWS,LF,535000,2017,2017,1
Daniel R. Robertson,TB,SS,535000,2017,2017,1
Drew Robinson,TEX,OF,535000,2017,2017,1
Dylan Covey,CWS,RP,535000,2017,2017,1
Glenn Sparkman,TOR,RP,535000,2017,2017,1
Jacob May,CWS,CF,535000,2017,2017,1
Jharel Cotton,OAK,SP,535000,2017,2017,1
Joely Rodriguez,PHI,RP,535000,2017,2017,1
Joey Wendle,OAK,2B,535000,2017,2017,1
Jose Marmolejos,WSH,1B,535000,2017,2017,1
Jose Martinez,STL,LF,535000,2017,2017,1
Jose Urena,MIA,SP,535000,2017,2017,1
Juan Minaya,CWS,RP,535000,2017,2017,1
Justin Haley,MIN,RP,535000,2017,2017,1
Kevin Gadea,TB,RP,535000,2017,2017,1
Kyle Freeland,COL,RP,535000,2017,2017,1
Luis Torrens,SD,C,535000,2017,2017,1
Micah Johnson,ATL,2B,535000,2017,2017,1
Miguel Diaz,SD,RP,535000,2017,2017,1
Miguel Rojas,MIA,SS,535000,2017,2017,1
Mike Hauschild,TEX,SP,535000,2017,2017,1
Nick Travieso,CIN,RP,535000,2017,2017,1
Nick Wittgren,MIA,RP,535000,2017,2017,1
Odrisamer Despaigne,MIA,RP,535000,2017,2017,1
Patrick Kivlehan,CIN,RF,535000,2017,2017,1
Raul Alcantara,OAK,SP,535000,2017,2017,1
Robert Stephenson,CIN,SP,535000,2017,2017,1
Rookie Davis,CIN,SP,535000,2017,2017,1
Stephen Cardullo,COL,1B,535000,2017,2017,1
Steve Selsky,BOS,RF,535000,2017,2017,1
Stuart Turner,CIN,C,535000,2017,2017,1
Vicente Campos,LAA,RP,535000,2017,2017,1
Wandy Peralta,CIN,RP,535000,2017,2017,1
Yandy Diaz,CLE,3B,535000,2017,2017,1